{"profesorado": [{"nombre": "null","horas":null,"ciclo": "null","id": "null","tipo": "null"},{"nombre": "null","horas":null,"ciclo": "null","id": "null","tipo": "null"},{"nombre": "null","horas":null,"ciclo": "null","id": "null","tipo": "null"},{"nombre": "null","horas":null,"ciclo": "null","id": "null","tipo": "null"},{"nombre": "null","horas":null,"ciclo": "null","id": "null","tipo": "null"},{"nombre": "Jose Luis Benito Andújar","horas":0,"profe":"si","tipo": "PS"},{"nombre": "Ángel Vela Cárdenas","horas":6,"profe":"si","tipo": "PS"},{"nombre": "Aplicaciones Web","horas":6,"ciclo": "CMS1B","id": "1","tipo": "PS"},{"nombre": "Fernando Tejero","horas":0,"profe":"si","tipo": "PS"}],"ciclos":[{"nombre":"null","horas":null,"tipo": "null","id":"null"},{"nombre":"null","horas":null,"tipo": "null","id":"null"},{"nombre":"null","horas":null,"tipo": "null","id":"null"},{"nombre":"null","horas":null,"tipo": "null","id":"null"},{"nombre":"null","horas":null,"tipo": "null","id":"null"}{"nombre":"CMS1B","modulos": [{"nombre":"Aplicaciones Web","horas":6,"tipo": "PS","id":"1","clonado":"1","profe":"Ángel Vela Cárdenas"},{"nombre":"Redes","horas":6,"tipo": "PS","id":"2"}]},{"nombre":"DAW2","modulos": [{"nombre":"Despliegue de Aplicaciones Web","horas":5,"tipo": "PS","id":"3"},{"nombre":"Diseño de Interfaces Web","horas":6,"tipo": "PT","id":"4"},{"nombre":"ASIR","horas":null,"tipo": "null","id":"null"}]},{"nombre":"DAM","modulos": []}]}