{"profesorado": [{"nombre": "Mayte Olmedilla","horas":4,"profe":"si","tipo": "PS"},{"nombre": "FCT (21 PRO   6 a FCT   3 REP)","horas":4,"ciclo": "2SMR(Mañana)","id": "84","tipo": "PS"},{"nombre": "Ángel Vela","horas":20,"profe":"si","tipo": "PS"},{"nombre": "Programación","horas":6,"ciclo": "1ºDAM","id": "8","tipo": "PS"},{"nombre": "Programación","horas":6,"ciclo": "1DAW(Tarde)","id": "66","tipo": "PS"},{"nombre": "Implantación de Aplicaciones Web","horas":5,"ciclo": "2ASIR(Tarde)","id": "85","tipo": "PS"},{"nombre": "Entornos de Desarrollo","horas":3,"ciclo": "1DAM-Elearning","id": "56","tipo": "PS"},{"nombre": "Fernando Tejero","horas":20,"profe":"si","tipo": "PS"},{"nombre": "Redes Locales","horas":6,"ciclo": "1SMR(Mañana)","id": "22","tipo": "PS"},{"nombre": "Aplicaciones Web","horas":6,"ciclo": "1SMR(Mañana)","id": "23","tipo": "PS"},{"nombre": "Seguridad Informática","horas":5,"ciclo": "2SMR(Mañana)","id": "28","tipo": "PS"},{"nombre": "Jefe de departamento","horas":3,"ciclo": "Reducciones","id": "83","tipo": "PS"},{"nombre": "Samuel","horas":20,"profe":"si","tipo": "PS"},{"nombre": "Desarrollos WEB en entornos servidor","horas":9,"ciclo": "2DAW(Tarde)","id": "70","tipo": "PS"},{"nombre": "Programación de servicios","horas":2,"ciclo": "2DAM-Elearning","id": "60","tipo": "PS"},{"nombre": "Jefe de Estudios FP-2","horas":9,"ciclo": "Reducciones","id": "80","tipo": "PS"},{"nombre": "Francisco Javier Cortés","horas":20,"profe":"si","tipo": "PS"},{"nombre": "Entornos de Desarrollo","horas":3,"ciclo": "1DAW(Tarde)","id": "68","tipo": "PS"},{"nombre": "Administración de sistemas gest. BD","horas":3,"ciclo": "2ASIR(Tarde)","id": "86","tipo": "PS"},{"nombre": "Seguridad Informática","horas":5,"ciclo": "2SMR(Tarde)","id": "38","tipo": "PS"},{"nombre": "Servicios en Red","horas":6,"ciclo": "2SMR(Tarde)","id": "39","tipo": "PS"},{"nombre": "FCT (15PRO 2FCT)","horas":3,"ciclo": "2SMR(Tarde)","id": "40","tipo": "PS"},{"nombre": "Ana Belén Castañeda","horas":20,"profe":"si","tipo": "PS"},{"nombre": "Redes Locales","horas":6,"ciclo": "1SMR(Tarde)","id": "32","tipo": "PS"},{"nombre": "Acceso a Datos 1h","horas":1,"ciclo": "2DAM-Elearning","id": "95","tipo": "PS"},{"nombre": "Informática 4 ESO - Acad 1","horas":2,"ciclo": "Optativas BACH y ESO","id": "88","tipo": "PS"},{"nombre": "Entornos de desarrollo","horas":3,"ciclo": "1ºDAM","id": "16","tipo": "PS"},{"nombre": "1Bachillerato","horas":2,"ciclo": "Optativas BACH y ESO","id": "87","tipo": "PS"},{"nombre": "2Bachillerato","horas":4,"ciclo": "Optativas BACH y ESO","id": "76","tipo": "PS"},{"nombre": "Informática 4ESO-Aplic","horas":2,"ciclo": "Optativas BACH y ESO","id": "77","tipo": "PS"},{"nombre": "Manolo","horas":21,"profe":"si","tipo": "PS"},{"nombre": "Planificación y adm de redes","horas":6,"ciclo": "1ASIR(Mañana)","id": "42","tipo": "PS"},{"nombre": "Servicios de Red e Internet","horas":7,"ciclo": "2ASIR(Tarde)","id": "46","tipo": "PS"},{"nombre": "Móviles","horas":5,"ciclo": "2ºDAM","id": "19","tipo": "PS"},{"nombre": "Programación de dispositivos móviles","horas":3,"ciclo": "2DAM-Elearning","id": "59","tipo": "PS"},{"nombre": "Raúl","horas":20,"profe":"si","tipo": "PS"},{"nombre": "Programación de Servicios","horas":3,"ciclo": "2ºDAM","id": "20","tipo": "PS"},{"nombre": "Bases de Datos","horas":6,"ciclo": "1DAM-Elearning","id": "53","tipo": "PS"},{"nombre": "Lenguajes de Marcas","horas":4,"ciclo": "1ASIR(Mañana)","id": "44","tipo": "PS"},{"nombre": "Informática 4 ESO - Acad 2","horas":2,"ciclo": "Optativas BACH y ESO","id": "89","tipo": "PS"},{"nombre": "Gestión de BD","horas":4,"ciclo": "1ASIR(Mañana)","id": "43","tipo": "PS"},{"nombre": "Tutor FCT(1h)","horas":1,"ciclo": "2DAM-Elearning","id": "92","tipo": "PS"},{"nombre": "Antonio Morales","horas":21,"profe":"si","tipo": "PS"},{"nombre": "Bases de Datos","horas":6,"ciclo": "1ºDAM","id": "13","tipo": "PS"},{"nombre": "Bases de Datos","horas":6,"ciclo": "1DAW(Tarde)","id": "65","tipo": "PS"},{"nombre": "Seguridad y alta disponibilidad","horas":5,"ciclo": "2ASIR(Tarde)","id": "49","tipo": "PS"},{"nombre": "FCT ( 22PRO 7RC 5FCT)","horas":4,"ciclo": "2ASIR(Tarde)","id": "51","tipo": "PS"},{"nombre": "Bautista","horas":20,"profe":"si","tipo": "PS"},{"nombre": "Acceso a Datos","horas":7,"ciclo": "2ºDAM","id": "17","tipo": "PS"},{"nombre": "Jefe de Estudios FP-1","horas":9,"ciclo": "Reducciones","id": "79","tipo": "PS"},{"nombre": "Acceso a Datos 4h","horas":4,"ciclo": "2DAM-Elearning","id": "94","tipo": "PS"},{"nombre": "José Luis Benito Andújar","horas":20,"profe":"si","tipo": "PS"},{"nombre": "Aplicaciones Web","horas":6,"ciclo": "1SMR(Tarde)","id": "33","tipo": "PS"},{"nombre": "Lenguaje de Marcas","horas":4,"ciclo": "1DAW(Tarde)","id": "67","tipo": "PS"},{"nombre": "Despliegue de aplicaciones Web","horas":5,"ciclo": "2DAW(Tarde)","id": "71","tipo": "PS"},{"nombre": "Lenguaje de marcas y sist.gest.empr.","horas":4,"ciclo": "1DAM-Elearning","id": "55","tipo": "PS"},{"nombre": "Coordinación FCT","horas":1,"ciclo": "2DAM-Elearning","id": "93","tipo": "PS"},{"nombre": "Tutoría 1SMR Tarde","horas":0,"ciclo": "Tutorías","id": "96","tipo": "PS"},{"nombre": "Inmaculada Castellanos","horas":0,"profe":"si","tipo": "PT"},{"nombre": "Elena Torres","horas":0,"profe":"si","tipo": "PT"},{"nombre": "José Luis Olivares","horas":0,"profe":"si","tipo": "PT"},{"nombre": "Salvio Quiralte","horas":0,"profe":"si","tipo": "PT"},{"nombre": "José Vicente Ruiz","horas":0,"profe":"si","tipo": "PT"},{"nombre": "Juana M. Sánchez","horas":0,"profe":"si","tipo": "PT"},{"nombre": "Diego Ortega","horas":0,"profe":"si","tipo": "PT"}],"ciclos":[{"nombre":"1ºDAM","modulos": [{"nombre":"Sistemas Informáticos","horas":6,"tipo": "PT","id":"63"},{"nombre":"Entornos de desarrollo","horas":3,"tipo": "PS","id":"16","clonado":"16","profe":"Ana Belén Castañeda"},{"nombre":"Lenguaje de Marcas y Sistemas","horas":4,"tipo": "PS","id":"15"},{"nombre":"Sistemas Informáticos","horas":6,"tipo": "PT","id":"14"},{"nombre":"Bases de Datos","horas":6,"tipo": "PS","id":"13","clonado":"13","profe":"Antonio Morales"},{"nombre":"Programación","horas":6,"tipo": "PS","id":"8","clonado":"8","profe":"Ángel Vela"}]},{"nombre":"2ºDAM","modulos": [{"nombre":"FCT (21PRO 1REP)","horas":4,"tipo": "PT","id":"90"},{"nombre":"Sistemas de Gestión Empresarial","horas":5,"tipo": "PT","id":"21"},{"nombre":"Programación de Servicios","horas":3,"tipo": "PS","id":"20","clonado":"20","profe":"Raúl"},{"nombre":"Móviles","horas":5,"tipo": "PS","id":"19","clonado":"19","profe":"Manolo"},{"nombre":"Desarrollo de Interfaces","horas":7,"tipo": "PT","id":"18"},{"nombre":"Acceso a Datos","horas":7,"tipo": "PS","id":"17","clonado":"17","profe":"Bautista"}]},{"nombre":"1SMR(Mañana)","modulos": [{"nombre":"Sistemas monoususario","horas":6,"tipo": "PT","id":"25"},{"nombre":"Montaje  y mantenimiento de equipos","horas":7,"tipo": "PT","id":"24"},{"nombre":"Aplicaciones Web","horas":6,"tipo": "PS","id":"23","clonado":"23","profe":"Fernando Tejero"},{"nombre":"Redes Locales","horas":6,"tipo": "PS","id":"22","clonado":"22","profe":"Fernando Tejero"}]},{"nombre":"2SMR(Mañana)","modulos": [{"nombre":"FCT (21 PRO   6 a FCT   3 REP)","horas":4,"tipo": "PS","id":"84","clonado":"84","profe":"Mayte Olmedilla"},{"nombre":"Servicios en Red","horas":6,"tipo": "PS","id":"29"},{"nombre":"Seguridad Informática","horas":5,"tipo": "PS","id":"28","clonado":"28","profe":"Fernando Tejero"},{"nombre":"Sistemas operativos en red","horas":7,"tipo": "PT","id":"27"},{"nombre":"Aplicaciones ofimáticas","horas":9,"tipo": "PT","id":"26"}]},{"nombre":"1SMR(Tarde)","modulos": [{"nombre":"Sistemas monousuario","horas":6,"tipo": "PT","id":"35"},{"nombre":"Montaje y mantenimiento de equipos","horas":7,"tipo": "PT","id":"34"},{"nombre":"Aplicaciones Web","horas":6,"tipo": "PS","id":"33","clonado":"33","profe":"José Luis Benito Andújar"},{"nombre":"Redes Locales","horas":6,"tipo": "PS","id":"32","clonado":"32","profe":"Ana Belén Castañeda"}]},{"nombre":"2SMR(Tarde)","modulos": [{"nombre":"FCT (15PRO 2FCT)","horas":3,"tipo": "PS","id":"40","clonado":"40","profe":"Francisco Javier Cortés"},{"nombre":"Servicios en Red","horas":6,"tipo": "PS","id":"39","clonado":"39","profe":"Francisco Javier Cortés"},{"nombre":"Seguridad Informática","horas":5,"tipo": "PS","id":"38","clonado":"38","profe":"Francisco Javier Cortés"},{"nombre":"Sistemas Operativos en red","horas":7,"tipo": "PT","id":"37"},{"nombre":"Aplicaciones Ofimáticas","horas":9,"tipo": "PT","id":"36"}]},{"nombre":"1ASIR(Mañana)","modulos": [{"nombre":"Lenguajes de Marcas","horas":4,"tipo": "PS","id":"44","clonado":"44","profe":"Raúl"},{"nombre":"Gestión de BD","horas":4,"tipo": "PS","id":"43","clonado":"43","profe":"Raúl"},{"nombre":"Planificación y adm de redes","horas":6,"tipo": "PS","id":"42","clonado":"42","profe":"Manolo"},{"nombre":"Implantación de SSOO","horas":7,"tipo": "PT","id":"41"}]},{"nombre":"2ASIR(Tarde)","modulos": [{"nombre":"Administración de sistemas gest. BD","horas":3,"tipo": "PS","id":"86","clonado":"86","profe":"Francisco Javier Cortés"},{"nombre":"Implantación de Aplicaciones Web","horas":5,"tipo": "PS","id":"85","clonado":"85","profe":"Ángel Vela"},{"nombre":"FCT ( 22PRO 7RC 5FCT)","horas":4,"tipo": "PS","id":"51","clonado":"51","profe":"Antonio Morales"},{"nombre":"Seguridad y alta disponibilidad","horas":5,"tipo": "PS","id":"49","clonado":"49","profe":"Antonio Morales"},{"nombre":"Administración de Sistemas Operativos","horas":7,"tipo": "PT","id":"47"},{"nombre":"Servicios de Red e Internet","horas":7,"tipo": "PS","id":"46","clonado":"46","profe":"Manolo"}]},{"nombre":"1DAM-Elearning","modulos": [{"nombre":"Entornos de Desarrollo","horas":3,"tipo": "PS","id":"56","clonado":"56","profe":"Ángel Vela"},{"nombre":"Lenguaje de marcas y sist.gest.empr.","horas":4,"tipo": "PS","id":"55","clonado":"55","profe":"José Luis Benito Andújar"},{"nombre":"Programación","horas":6,"tipo": "PS","id":"54"},{"nombre":"Bases de Datos","horas":6,"tipo": "PS","id":"53","clonado":"53","profe":"Raúl"},{"nombre":"Sistemas Informáticos","horas":6,"tipo": "PT","id":"52"}]},{"nombre":"2DAM-Elearning","modulos": [{"nombre":"Acceso a Datos 1h","horas":1,"tipo": "PS","id":"95","clonado":"95","profe":"Ana Belén Castañeda"},{"nombre":"Acceso a Datos 4h","horas":4,"tipo": "PS","id":"94","clonado":"94","profe":"Bautista"},{"nombre":"Coordinación FCT","horas":1,"tipo": "PS","id":"93","clonado":"93","profe":"José Luis Benito Andújar"},{"nombre":"Tutor FCT(1h)","horas":1,"tipo": "PS","id":"92","clonado":"92","profe":"Raúl"},{"nombre":"S.G Empresarial","horas":3,"tipo": "PT","id":"61"},{"nombre":"Programación de servicios","horas":2,"tipo": "PS","id":"60","clonado":"60","profe":"Samuel"},{"nombre":"Programación de dispositivos móviles","horas":3,"tipo": "PS","id":"59","clonado":"59","profe":"Manolo"},{"nombre":"Desarrollo de Interfaces","horas":5,"tipo": "PT","id":"58"}]},{"nombre":"1DAW(Tarde)","modulos": [{"nombre":"Entornos de Desarrollo","horas":3,"tipo": "PS","id":"68","clonado":"68","profe":"Francisco Javier Cortés"},{"nombre":"Lenguaje de Marcas","horas":4,"tipo": "PS","id":"67","clonado":"67","profe":"José Luis Benito Andújar"},{"nombre":"Programación","horas":6,"tipo": "PS","id":"66","clonado":"66","profe":"Ángel Vela"},{"nombre":"Bases de Datos","horas":6,"tipo": "PS","id":"65","clonado":"65","profe":"Antonio Morales"},{"nombre":"Sistemas Informáticos","horas":6,"tipo": "PT","id":"64"}]},{"nombre":"2DAW(Tarde)","modulos": [{"nombre":"FCT","horas":4,"tipo": "PT","id":"73"},{"nombre":"Diseño de interfaces Web","horas":6,"tipo": "PT","id":"72"},{"nombre":"Despliegue de aplicaciones Web","horas":5,"tipo": "PS","id":"71","clonado":"71","profe":"José Luis Benito Andújar"},{"nombre":"Desarrollos WEB en entornos servidor","horas":9,"tipo": "PS","id":"70","clonado":"70","profe":"Samuel"},{"nombre":"Desarrollos WEB en entornos cliente","horas":7,"tipo": "PT","id":"69"}]},{"nombre":"Optativas BACH y ESO","modulos": [{"nombre":"Informática 4 ESO - Acad 2","horas":2,"tipo": "PS","id":"89","clonado":"89","profe":"Raúl"},{"nombre":"Informática 4 ESO - Acad 1","horas":2,"tipo": "PS","id":"88","clonado":"88","profe":"Ana Belén Castañeda"},{"nombre":"1Bachillerato","horas":2,"tipo": "PS","id":"87","clonado":"87","profe":"Ana Belén Castañeda"},{"nombre":"Informática 4ESO-Aplic","horas":2,"tipo": "PS","id":"77","clonado":"77","profe":"Ana Belén Castañeda"},{"nombre":"2Bachillerato","horas":4,"tipo": "PS","id":"76","clonado":"76","profe":"Ana Belén Castañeda"}]},{"nombre":"Reducciones","modulos": [{"nombre":"Jefe de departamento","horas":3,"tipo": "PS","id":"83","clonado":"83","profe":"Fernando Tejero"},{"nombre":"Coordinador Familia Profesional","horas":1,"tipo": "PT","id":"82"},{"nombre":"Responsable de Formación","horas":4,"tipo": "PT","id":"81"},{"nombre":"Jefe de Estudios FP-2","horas":9,"tipo": "PS","id":"80","clonado":"80","profe":"Samuel"},{"nombre":"Jefe de Estudios FP-1","horas":9,"tipo": "PS","id":"79","clonado":"79","profe":"Bautista"}]},{"nombre":"Tutorías","modulos": [{"nombre":"Tutoría 1SMR Tarde","horas":0,"tipo": "PS","id":"96","clonado":"96","profe":"José Luis Benito Andújar"}]}]}