{
	"profesorado": [{
			"nombre": "Jose Luis Benito Andújar",
			"horas": 0,
			"tipo": "PS"
		},
		{
			"nombre": "Ángel Vela Cárdenas",
			"horas": 0,
			"tipo": "PS"
		},
		{
			"nombre": "Fernando Tejero",
			"horas": 0,
			"tipo": "PS"
		}
	],
	"ciclos": [{
			"nombre": "CMS1B",
			"modulos": [{
					"nombre": "Aplicaciones Web",
					"horas": 6,
					"tipo": "PS",
					"profe": ""
				},
				{
					"nombre": "Redes",
					"horas": 6,
					"tipo": "PS",
					"ciclo": "CMS1B",
					"profe": ""
				}


			]
		},
		{
			"nombre": "DAW2",
			"modulos": [{
					"nombre": "Despliegue de Aplicaciones Web",
					"horas": 5,
					"tipo": "PS",
					"profe": ""
				},
				{
					"nombre": "Diseño de Interfaces Web",
					"horas": 6,
					"tipo": "PT",
					"profe": ""
				}


			]
		}




	]

}



